scc,
4.022733,6.786478,10.859117,16.387607,23.249411,30.955562,38.719300,45.346341,49.332467,49.007274,42.970084,31.201855,15.721292,-0.000002
