scc,
2.764249,3.362299,4.159667,5.524698,6.884179,8.114704,9.046448,9.521200,9.353777,8.442161,6.734947,4.376956,1.872687,-0.000000
