scch4,
87.247577,90.737969,99.526267,119.819037,137.497193,150.946031,157.959967,157.025001,146.679314,126.882655,98.027025,62.624663,26.917078,-0.000002
