scch4,
110.751390,162.210579,236.858638,335.775068,455.883275,588.146350,719.203997,829.159347,893.059233,882.756903,773.755771,564.143005,286.398729,-0.000051
