scc,
2.590454,3.138818,3.880087,5.159437,6.445431,7.627374,8.548911,9.052528,8.948799,8.128575,6.526505,4.270638,1.839625,-0.000000
