scc,
3.803048,6.410986,10.276363,15.560734,22.171960,29.668912,37.312705,43.926237,48.003558,47.871133,42.110305,30.660321,15.481551,-0.000002
