scch4,
81.258228,83.994728,92.014111,110.967591,127.772393,140.990362,148.585323,148.891510,140.199429,122.252946,95.185439,61.293166,26.538005,-0.000002
