scch4,
104.742003,153.208159,224.132822,318.897172,434.999456,564.211843,693.910157,804.340503,870.382647,863.742830,759.573875,555.288189,282.487817,-0.000051
