scc,
3.776032,6.332033,10.091962,15.204430,21.580735,28.799233,36.159478,42.544466,46.501476,46.396964,40.840906,29.758391,15.037965,-0.000002
