scc,
2.571264,3.094634,3.794773,5.006789,6.211187,7.305428,8.146700,8.596060,8.476186,7.686098,6.163616,4.034503,1.741234,-0.000000
