scch4,
104.300544,151.573027,220.305035,311.753257,423.584666,547.963084,672.940099,779.757398,844.104496,838.252589,737.760195,539.793986,274.827413,-0.000052
