scch4,
80.948416,82.977482,90.040129,107.638655,123.006569,134.888818,141.493917,141.426254,133.000728,115.942667,90.300322,58.257495,25.301029,-0.000002
