scc,
2.600226,3.135215,3.847803,5.075626,6.290397,7.389696,8.231155,8.676126,8.547986,7.745554,6.207382,4.060302,1.751053,-0.000000
