scch4,
81.905745,84.177898,91.446318,109.287703,124.741619,136.588854,143.065853,142.797246,134.134080,116.810740,90.894493,58.586396,25.421401,-0.000002
