scc,
3.843763,6.476145,10.363803,15.654999,22.248718,29.697698,37.258392,43.768436,47.750149,47.554353,41.787474,30.400820,15.342076,-0.000002
