scc,
2.623241,3.178334,3.922899,5.202224,6.478219,7.639864,8.530395,8.998217,8.862764,8.022515,6.420097,4.189319,1.801074,-0.000000
