scch4,
105.912414,154.838153,226.108091,320.869838,436.508780,564.728201,692.851081,801.412006,865.786019,858.076774,753.841982,550.685796,280.002926,-0.000052
