scch4,
82.456560,85.262858,93.250454,112.112257,128.631868,141.405411,148.417385,148.129863,138.973559,120.780312,93.754399,60.229420,26.038488,-0.000002
