scc,
3.812792,6.400560,10.203095,15.361745,21.778013,29.026134,36.405277,42.798368,46.751631,46.626012,41.028169,29.886138,15.098857,-0.000002
