scch4,
105.271477,153.205581,222.736283,314.973407,427.415904,552.189682,677.367692,784.209612,848.401607,842.130609,740.905107,541.936236,275.853476,-0.000052
